beta,D,chi,theta,f,m_imag,m_real,xi,evals,residual,converged,seconds,theta_fold
0.21,4,48,0.00059898,0.7673517512933455,0.025091018234742763,-3.6578731019011856e-8,2.438530161742844,36,5.031586920889487e-7,true,1037.710549744,Inf
0.21,4,48,0.00119796,0.7673291398089039,0.05049091048079531,4.365104670871256e-8,2.466674901542402,10,4.5175310541465174e-7,true,284.726993303,Inf
0.21,4,48,0.0017969400000000001,0.7672911369548405,0.07654059302607548,1.1318486613788079e-6,2.498206185112586,22,7.723770452813759e-7,true,596.559120279,0.013056471103568206
0.21,4,48,0.00239592,0.7672372353874599,0.10365301644439456,2.9995103652264975e-7,2.5420830554108984,10,4.536366283423439e-7,true,289.111307775,0.009290714881276778
0.21,4,48,0.0029949,0.7671666463580549,0.13236554455971028,2.20097420265962e-6,2.594420793921386,19,9.894512637412156e-7,true,540.853880919,0.007624562371153805
0.21,4,48,0.00359388,0.7670781913675455,0.16346816393130442,4.5831700171713263e-7,2.667841577067008,12,5.363629078693391e-7,true,361.469598942,0.006748447216696625
0.21,4,48,0.00419286,0.7669700977340992,0.19821467751019536,2.9779126834178744e-7,2.791570781116284,25,3.372454307932343e-7,true,760.809971418,0.006308221516085001
0.21,4,48,0.0047918399999999995,0.7668395604637591,0.23894719135297127,-1.54529403991485e-8,2.9743740200827977,19,5.004914664346543e-7,true,642.342656348,0.006092909278985184
0.21,4,48,0.005390819999999999,0.7666816407364304,0.2910561592138243,5.256731670455898e-7,3.2866713978679716,69,6.744562032173868e-7,true,1740.003734524,0.006032234986763278
0.21,4,48,0.005711527493381639,0.7665825462260756,0.3286913312280136,-4.3445630040196545e-6,3.589560449758864,64,1.978396666260826e-6,true,1962.771159203,0.0061122515108986515
0.21,4,48,0.0059118895021401455,0.7665137386208627,0.35961671746377716,-5.342698621299499e-6,3.916049380248471,55,1.13896548244751e-6,true,3801.500762005,0.0061686369467159165
0.21,4,48,0.0060402632244280306,0.766465998774051,0.38529289050471943,-1.4131716743394234e-5,4.254624713259722,48,1.5312147268467089e-6,true,4013.3636079,0.006218069726881607
0.21,4,48,0.006129166475654819,0.7664307643992102,0.4080790661831087,-2.2166337982564154e-5,4.604529061547874,38,2.9934189310856848e-6,true,4029.074697645,0.006253907646680976
0.21,4,48,0.0061915370611678976,0.7664046885249788,0.42848348980904694,-9.76173335122495e-6,4.93508578413031,37,4.815151815557079e-6,true,4147.82759383,0.006280557984258862
0.21,4,48,0.006236047522713379,0.766385216309587,0.44705228862063207,3.610274804473903e-5,5.203090615485446,34,3.707778946284152e-6,true,6252.485922021,0.006299143253150691
